﻿<?xml version="1.0" encoding="utf-8" ?>
<!--
 Copyright (c) 2013 cuboktahedron
 Released under the MIT license
 https://github.com/cuboktahedron/PuyofuCapture/license/LICENSE-MIT.txt
-->
<configuration>
  <log4net>
    <appender name="FILE" type="log4net.Appender.RollingFileAppender">
      <param name="Encoding" value="utf-8" />
      <param name="File" value="logs/trace.log" />
      <param name="RollingStyle" value="size" />
      <param name="StaticLogFileName" value="true" />
      <param name="AppendToFile" value="false" />

      <filter type="log4net.Filter.LevelRangeFilter">
        <param name="LevelMax" value="FATAL" /> -->
        <param name="LevelMin" value="TRACE" />
      </filter>

      <param name="MaximumFileSize" value="10MB" />
      <param name="MaxSizeRollBackups" value="10" />

      <layout type="log4net.Layout.PatternLayout">
        <ConversionPattern value="【%-5level】%class - %message%n" />
      </layout>
    </appender>

    <root>
      <level value="INFO" />
      <appender-ref ref="FILE" />
    </root>
  </log4net>
</configuration>